Time,Skin Temperature
24.01.17 01:04:50.285,31.570
24.01.17 01:05:20.307,31.600
24.01.17 01:05:50.526,31.670
24.01.17 01:06:20.640,31.710
24.01.17 01:06:50.503,31.800
24.01.17 01:07:21.019,31.820
24.01.17 01:07:50.661,31.890
24.01.17 01:08:20.786,31.900
24.01.17 01:08:50.912,31.950
24.01.17 01:09:20.942,31.910
24.01.17 01:09:51.092,31.830
24.01.17 01:10:21.426,31.710
24.01.17 01:10:51.343,31.630
24.01.17 01:11:21.271,31.590
24.01.17 01:11:51.700,31.630
24.01.17 01:12:21.630,31.870
24.01.17 01:12:52.039,32.030
24.01.17 01:13:21.897,32.210
24.01.17 01:13:52.024,32.370
24.01.17 01:14:21.766,32.620
24.01.17 01:14:51.889,32.830
24.01.17 01:15:21.930,32.950
24.01.17 01:15:52.036,33.120
24.01.17 01:16:22.084,33.250
24.01.17 01:16:52.198,33.250
24.01.17 01:17:22.326,33.290
24.01.17 01:17:52.672,33.350
24.01.17 01:18:22.501,33.440
24.01.17 01:18:52.923,33.460
24.01.17 01:19:22.649,33.500
24.01.17 01:19:52.691,33.720
24.01.17 01:20:22.812,33.900
24.01.17 01:20:53.069,34.020
24.01.17 01:21:22.972,34.080
24.01.17 01:21:53.504,34.200
24.01.17 01:22:23.130,34.240
24.01.17 01:22:53.163,34.290
24.01.17 01:23:23.293,34.290
24.01.17 01:23:53.427,34.240
24.01.17 01:24:23.466,34.260
24.01.17 01:24:53.715,34.260
24.01.17 01:25:23.627,34.300
24.01.17 01:25:54.049,34.400
24.01.17 01:26:24.070,34.470
24.01.17 01:26:53.922,34.470
24.01.17 01:27:23.966,34.490
24.01.17 01:27:54.074,34.490
24.01.17 01:28:24.405,34.510
24.01.17 01:28:54.223,34.560
24.01.17 01:29:24.256,34.580
24.01.17 01:29:54.386,34.630
24.01.17 01:30:24.419,34.710
24.01.17 01:30:54.876,34.800
24.01.17 01:31:24.508,34.830
24.01.17 01:31:54.932,34.880
24.01.17 01:32:24.675,34.940
24.01.17 01:32:55.185,35.000
24.01.17 01:33:24.879,35.040
24.01.17 01:33:55.250,35.060
24.01.17 01:34:25.183,35.110
24.01.17 01:34:55.130,35.170
24.01.17 01:35:25.472,35.220
24.01.17 01:35:55.682,35.290
24.01.17 01:36:25.407,35.340
24.01.17 01:36:55.657,35.380
24.01.17 01:37:25.583,35.430
24.01.17 01:37:55.998,35.480
24.01.17 01:38:25.843,35.520
24.01.17 01:38:55.990,35.550
24.01.17 01:39:25.898,35.560
24.01.17 01:39:55.930,35.590
24.01.17 01:40:26.062,35.620
24.01.17 01:40:56.094,35.640
24.01.17 01:41:26.700,35.590
24.01.17 01:41:56.250,35.560
24.01.17 01:42:26.574,35.520
24.01.17 01:42:56.511,35.500
24.01.17 01:43:26.536,35.500
24.01.17 01:43:56.958,35.490
24.01.17 01:44:26.697,35.500
24.01.17 01:44:56.826,35.500
24.01.17 01:45:27.248,35.500
24.01.17 01:45:56.965,35.520
24.01.17 01:46:27.002,35.550
24.01.17 01:46:57.132,35.550
24.01.17 01:47:27.454,35.570
24.01.17 01:47:57.288,35.590
24.01.17 01:48:27.321,35.590
24.01.17 01:48:57.549,35.610
24.01.17 01:49:27.486,35.640
24.01.17 01:49:57.998,35.640
24.01.17 01:50:27.640,35.660
24.01.17 01:50:57.965,35.670
24.01.17 01:51:27.904,35.680
24.01.17 01:51:57.923,35.690
24.01.17 01:52:28.062,35.690
24.01.17 01:52:58.095,35.710
24.01.17 01:53:28.214,35.730
24.01.17 01:53:58.245,35.730
24.01.17 01:54:28.375,35.750
24.01.17 01:54:58.511,35.750
24.01.17 01:55:28.835,35.760
24.01.17 01:55:58.563,35.750
24.01.17 01:56:28.692,35.770
24.01.17 01:56:58.724,35.780
24.01.17 01:57:29.146,35.790
24.01.17 01:57:58.900,35.790
24.01.17 01:58:29.015,35.790
24.01.17 01:58:59.048,35.810
24.01.17 01:59:29.278,35.800
24.01.17 01:59:59.359,35.790
24.01.17 02:00:29.328,35.810
24.01.17 02:00:59.768,35.820
24.01.17 02:01:29.783,35.820
24.01.17 02:01:59.929,35.820
24.01.17 02:02:29.650,35.820
24.01.17 02:03:00.084,35.830
24.01.17 02:03:30.029,35.820
24.01.17 02:03:59.941,35.820
24.01.17 02:04:29.981,35.850
24.01.17 02:05:00.098,35.850
24.01.17 02:05:30.151,35.850
24.01.17 02:06:00.225,35.850
24.01.17 02:06:30.744,35.850
24.01.17 02:07:00.385,35.850
24.01.17 02:07:30.816,35.860
24.01.17 02:08:00.548,35.860
24.01.17 02:08:30.685,35.870
24.01.17 02:09:00.720,35.870
24.01.17 02:09:31.036,35.870
24.01.17 02:10:00.869,35.870
24.01.17 02:10:30.991,35.870
24.01.17 02:11:01.029,35.870
24.01.17 02:11:31.168,35.880
24.01.17 02:12:01.190,35.890
24.01.17 02:12:31.330,35.880
24.01.17 02:13:01.743,35.890
24.01.17 02:13:31.475,35.890
24.01.17 02:14:01.614,35.890
24.01.17 02:14:31.641,35.890
24.01.17 02:15:01.979,35.920
24.01.17 02:15:32.237,35.910
24.01.17 02:16:01.839,35.890
24.01.17 02:16:32.359,35.920
24.01.17 02:17:02.085,35.920
24.01.17 02:17:32.415,35.910
24.01.17 02:18:02.554,35.900
24.01.17 02:18:32.272,35.920
24.01.17 02:19:02.409,35.920
24.01.17 02:19:32.434,35.920
24.01.17 02:20:02.761,35.920
24.01.17 02:20:32.595,35.920
24.01.17 02:21:02.718,35.930
24.01.17 02:21:32.859,35.920
24.01.17 02:22:02.879,35.920
24.01.17 02:22:32.915,35.940
24.01.17 02:23:03.147,35.930
24.01.17 02:23:33.076,35.930
24.01.17 02:24:03.495,35.930
24.01.17 02:24:33.240,35.930
24.01.17 02:25:03.365,35.930
24.01.17 02:25:33.790,35.930
24.01.17 02:26:03.536,35.930
24.01.17 02:26:33.750,35.940
24.01.17 02:27:03.682,35.940
24.01.17 02:27:33.803,35.940
24.01.17 02:28:03.846,35.930
24.01.17 02:28:34.174,35.940
24.01.17 02:29:04.488,35.940
24.01.17 02:29:34.333,35.950
24.01.17 02:30:04.174,35.940
24.01.17 02:30:34.292,35.940
24.01.17 02:31:04.438,35.950
24.01.17 02:31:34.944,35.940
24.01.17 02:32:04.477,35.940
24.01.17 02:32:34.613,35.950
24.01.17 02:33:04.931,35.950
24.01.17 02:33:35.175,35.950
24.01.17 02:34:05.282,35.950
24.01.17 02:34:34.924,35.950
24.01.17 02:35:05.348,35.950
24.01.17 02:35:35.085,35.960
24.01.17 02:36:05.508,35.960
24.01.17 02:36:35.244,35.950
24.01.17 02:37:05.368,35.950
24.01.17 02:37:35.604,35.950
24.01.17 02:38:05.530,35.960
24.01.17 02:38:35.575,35.950
24.01.17 02:39:05.689,35.960
24.01.17 02:39:35.683,35.960
24.01.17 02:40:05.798,35.940
24.01.17 02:40:36.222,35.930
24.01.17 02:41:05.997,35.950
24.01.17 02:41:36.399,35.960
24.01.17 02:42:06.125,35.960
24.01.17 02:42:36.274,35.800
24.01.17 02:43:06.283,35.510
24.01.17 02:43:36.710,35.280
24.01.17 02:44:06.452,35.110
24.01.17 02:44:36.565,35.020
24.01.17 02:45:06.608,34.940
24.01.17 02:45:37.017,34.920
24.01.17 02:46:06.753,34.920
24.01.17 02:46:36.878,34.930
24.01.17 02:47:06.919,34.970
24.01.17 02:47:37.034,34.990
24.01.17 02:48:07.074,35.020
24.01.17 02:48:37.393,35.060
24.01.17 02:49:07.237,35.090
24.01.17 02:49:37.359,35.130
24.01.17 02:50:07.483,35.140
24.01.17 02:50:37.514,35.240
24.01.17 02:51:07.954,35.340
24.01.17 02:51:37.679,35.410
24.01.17 02:52:07.921,35.490
24.01.17 02:52:38.036,35.550
24.01.17 02:53:07.962,35.590
24.01.17 02:53:38.008,35.570
24.01.17 02:54:08.125,35.560
24.01.17 02:54:38.161,35.580
24.01.17 02:55:08.281,35.600
24.01.17 02:55:38.340,35.610
24.01.17 02:56:08.468,35.640
24.01.17 02:56:38.967,35.650
24.01.17 02:57:08.602,35.680
24.01.17 02:57:38.846,35.700
24.01.17 02:58:08.766,35.720
24.01.17 02:58:39.206,35.730
24.01.17 02:59:08.930,35.750
24.01.17 02:59:39.350,35.760
24.01.17 03:00:09.473,35.790
24.01.17 03:00:39.215,35.800
24.01.17 03:01:09.255,35.810
24.01.17 03:01:39.421,35.680
24.01.17 03:02:09.517,35.480
24.01.17 03:02:39.543,35.340
24.01.17 03:03:09.573,35.250
24.01.17 03:03:39.694,35.180
24.01.17 03:04:09.836,35.140
24.01.17 03:04:39.850,35.120
24.01.17 03:05:10.098,35.110
24.01.17 03:05:40.022,35.110
24.01.17 03:06:10.048,35.110
24.01.17 03:06:40.179,35.100
24.01.17 03:07:10.296,35.110
24.01.17 03:07:40.341,35.100
24.01.17 03:08:10.750,35.120
24.01.17 03:08:40.791,35.120
24.01.17 03:09:10.711,35.120
24.01.17 03:09:40.649,35.140
24.01.17 03:10:10.797,35.150
24.01.17 03:10:41.291,35.150
24.01.17 03:11:11.153,35.150
24.01.17 03:11:41.162,35.180
24.01.17 03:12:11.117,35.170
24.01.17 03:12:41.279,35.180
24.01.17 03:13:11.342,35.180
24.01.17 03:13:41.255,35.150
24.01.17 03:14:11.670,35.120
24.01.17 03:14:41.493,35.150
24.01.17 03:15:11.536,35.060
24.01.17 03:15:41.657,34.920
24.01.17 03:16:11.702,34.800
24.01.17 03:16:41.818,34.710
24.01.17 03:17:12.052,34.670
24.01.17 03:17:41.977,34.630
24.01.17 03:18:12.311,34.630
24.01.17 03:18:42.140,34.630
24.01.17 03:19:12.169,34.640
24.01.17 03:19:42.293,34.710
24.01.17 03:20:12.323,34.830
24.01.17 03:20:42.453,34.980
24.01.17 03:21:12.484,35.080
24.01.17 03:21:42.721,35.210
24.01.17 03:22:12.843,35.310
24.01.17 03:22:42.782,35.380
24.01.17 03:23:12.909,35.470
24.01.17 03:23:42.937,35.550
24.01.17 03:24:13.455,35.590
24.01.17 03:24:43.097,35.660
24.01.17 03:25:13.219,35.690
24.01.17 03:25:43.357,35.750
24.01.17 03:26:13.481,35.790
24.01.17 03:26:43.412,35.820
24.01.17 03:27:13.555,35.850
24.01.17 03:27:43.872,35.870
24.01.17 03:28:13.713,35.890
24.01.17 03:28:43.744,35.940
24.01.17 03:29:13.864,35.960
24.01.17 03:29:43.906,35.960
24.01.17 03:30:14.020,36.000
24.01.17 03:30:44.056,36.010
24.01.17 03:31:14.379,36.020
24.01.17 03:31:44.306,36.040
24.01.17 03:32:14.734,36.060
24.01.17 03:32:44.574,36.060
24.01.17 03:33:14.505,36.080
24.01.17 03:33:44.629,36.090
24.01.17 03:34:15.052,36.100
24.01.17 03:34:44.801,36.120
24.01.17 03:35:15.034,36.130
24.01.17 03:35:45.148,36.130
24.01.17 03:36:14.985,36.070
24.01.17 03:36:45.133,36.010
24.01.17 03:37:15.149,35.890
24.01.17 03:37:45.572,35.800
24.01.17 03:38:15.307,35.730
24.01.17 03:38:45.736,35.680
24.01.17 03:39:15.672,35.630
24.01.17 03:39:45.623,35.580
24.01.17 03:40:15.718,35.550
24.01.17 03:40:45.848,35.510
24.01.17 03:41:15.884,35.490
24.01.17 03:41:46.102,35.450
24.01.17 03:42:16.033,35.450
24.01.17 03:42:46.092,35.420
24.01.17 03:43:16.198,35.410
24.01.17 03:43:46.233,35.410
24.01.17 03:44:16.369,35.400
24.01.17 03:44:46.397,35.380
24.01.17 03:45:16.516,35.380
24.01.17 03:45:46.507,35.380
24.01.17 03:46:16.629,35.360
24.01.17 03:46:46.745,35.360
24.01.17 03:47:16.789,35.360
24.01.17 03:47:46.913,35.360
24.01.17 03:48:17.330,35.360
24.01.17 03:48:47.077,35.350
24.01.17 03:49:17.111,35.340
24.01.17 03:49:47.228,35.350
24.01.17 03:50:17.270,35.350
24.01.17 03:50:47.394,35.350
24.01.17 03:51:17.812,35.350
24.01.17 03:51:47.548,35.350
24.01.17 03:52:17.585,35.360
24.01.17 03:52:47.710,35.360
24.01.17 03:53:17.759,35.350
24.01.17 03:53:48.076,35.360
24.01.17 03:54:17.899,35.360
24.01.17 03:54:48.049,35.350
24.01.17 03:55:18.058,35.360
24.01.17 03:55:48.491,35.360
24.01.17 03:56:18.325,35.360
24.01.17 03:56:48.640,35.360
24.01.17 03:57:18.582,35.360
24.01.17 03:57:48.609,35.350
24.01.17 03:58:18.631,35.350
24.01.17 03:58:48.673,35.360
24.01.17 03:59:18.792,35.360
24.01.17 03:59:48.822,35.370
24.01.17 04:00:19.253,35.380
24.01.17 04:00:48.997,35.360
24.01.17 04:01:19.312,35.360
24.01.17 04:01:49.144,35.360
24.01.17 04:02:19.466,35.360
24.01.17 04:02:49.298,35.360
24.01.17 04:03:19.627,35.380
24.01.17 04:03:49.758,35.380
24.01.17 04:04:19.891,35.380
24.01.17 04:04:49.924,35.380
24.01.17 04:05:19.750,35.380
24.01.17 04:05:50.183,35.380
24.01.17 04:06:19.914,35.380
24.01.17 04:06:50.237,35.380
24.01.17 04:07:20.070,35.380
24.01.17 04:07:50.205,35.380
24.01.17 04:08:20.355,35.380
24.01.17 04:08:50.355,35.400
24.01.17 04:09:20.386,35.440
24.01.17 04:09:50.516,35.500
24.01.17 04:10:20.551,35.570
24.01.17 04:10:50.675,35.640
24.01.17 04:11:20.714,35.710
24.01.17 04:11:51.230,35.780
24.01.17 04:12:21.166,35.820
24.01.17 04:12:51.008,35.880
24.01.17 04:13:21.119,35.930
24.01.17 04:13:51.157,35.960
24.01.17 04:14:21.581,36.000
24.01.17 04:14:51.323,36.030
24.01.17 04:15:21.441,36.060
24.01.17 04:15:51.484,36.080
24.01.17 04:16:21.632,36.130
24.01.17 04:16:51.932,36.140
24.01.17 04:17:21.775,36.160
24.01.17 04:17:51.809,36.160
24.01.17 04:18:21.930,36.150
24.01.17 04:18:51.949,36.150
24.01.17 04:19:22.124,36.130
24.01.17 04:19:52.269,36.120
24.01.17 04:20:22.187,36.120
24.01.17 04:20:52.326,36.140
24.01.17 04:21:22.371,36.150
24.01.17 04:21:52.869,36.170
24.01.17 04:22:22.710,36.200
24.01.17 04:22:52.749,36.210
24.01.17 04:23:22.876,36.210
24.01.17 04:23:52.789,36.130
24.01.17 04:24:22.836,36.000
24.01.17 04:24:53.255,35.780
24.01.17 04:25:22.994,35.560
24.01.17 04:25:53.313,35.400
24.01.17 04:26:23.166,35.190
24.01.17 04:26:53.277,35.130
24.01.17 04:27:23.315,35.040
24.01.17 04:27:53.436,34.970
24.01.17 04:28:23.474,34.960
24.01.17 04:28:53.896,34.970
24.01.17 04:29:24.112,35.020
24.01.17 04:29:53.951,35.040
24.01.17 04:30:24.081,35.080
24.01.17 04:30:54.210,35.110
24.01.17 04:31:24.058,35.150
24.01.17 04:31:54.177,35.190
24.01.17 04:32:24.202,35.210
24.01.17 04:32:54.257,35.270
24.01.17 04:33:24.361,35.280
24.01.17 04:33:54.787,35.310
24.01.17 04:34:24.820,35.340
24.01.17 04:34:54.566,35.350
24.01.17 04:35:24.790,35.380
24.01.17 04:35:54.709,35.410
24.01.17 04:36:24.840,35.440
24.01.17 04:36:54.885,35.470
24.01.17 04:37:25.000,35.480
24.01.17 04:37:55.129,35.480
24.01.17 04:38:25.367,35.430
24.01.17 04:38:55.593,35.430
24.01.17 04:39:25.626,35.430
24.01.17 04:39:55.834,35.450
24.01.17 04:40:25.475,35.450
24.01.17 04:40:55.608,35.450
24.01.17 04:41:25.932,35.200
24.01.17 04:41:55.767,34.920
24.01.17 04:42:26.198,34.740
24.01.17 04:42:55.928,34.610
24.01.17 04:43:25.970,34.510
24.01.17 04:43:56.090,34.470
24.01.17 04:44:26.123,34.450
24.01.17 04:44:56.252,34.440
24.01.17 04:45:26.763,34.440
24.01.17 04:45:56.673,34.450
24.01.17 04:46:26.687,34.460
24.01.17 04:46:56.732,34.490
24.01.17 04:47:26.660,34.510
24.01.17 04:47:56.705,34.560
24.01.17 04:48:26.818,34.600
24.01.17 04:48:57.235,34.650
24.01.17 04:49:26.981,34.720
24.01.17 04:49:57.132,34.820
24.01.17 04:50:27.138,34.920
24.01.17 04:50:57.176,35.030
24.01.17 04:51:27.297,35.120
24.01.17 04:51:57.332,35.240
24.01.17 04:52:27.456,35.320
24.01.17 04:52:57.487,35.420
24.01.17 04:53:27.623,35.490
24.01.17 04:53:57.929,35.570
24.01.17 04:54:28.070,35.640
24.01.17 04:54:57.891,35.680
24.01.17 04:55:27.921,35.740
24.01.17 04:55:58.179,35.780
24.01.17 04:56:28.076,35.840
24.01.17 04:56:58.312,35.870
24.01.17 04:57:28.260,35.910
24.01.17 04:57:58.379,35.940
24.01.17 04:58:28.427,35.950
24.01.17 04:58:58.525,35.990
24.01.17 04:59:28.573,35.880
24.01.17 04:59:58.717,35.710
24.01.17 05:00:28.860,35.540
24.01.17 05:00:58.852,35.430
24.01.17 05:01:29.182,35.380
24.01.17 05:01:59.006,35.350
24.01.17 05:02:29.130,35.330
24.01.17 05:02:59.176,35.310
24.01.17 05:03:29.512,35.250
24.01.17 05:03:59.337,35.260
24.01.17 05:04:29.451,35.290
24.01.17 05:04:59.890,35.350
24.01.17 05:05:29.627,35.410
24.01.17 05:05:59.654,35.470
24.01.17 05:06:29.781,35.540
24.01.17 05:07:00.191,35.570
24.01.17 05:07:29.938,35.630
24.01.17 05:08:00.094,35.680
24.01.17 05:08:30.100,35.710
24.01.17 05:09:00.128,35.750
24.01.17 05:09:30.740,35.770
24.01.17 05:10:00.294,35.790
24.01.17 05:10:30.706,35.820
24.01.17 05:11:00.741,35.850
24.01.17 05:11:30.572,35.860
24.01.17 05:12:00.697,35.880
24.01.17 05:12:30.729,35.880
24.01.17 05:13:00.857,35.910
24.01.17 05:13:30.888,35.940
24.01.17 05:14:01.018,35.940
24.01.17 05:14:31.059,35.940
24.01.17 05:15:01.179,35.950
24.01.17 05:15:31.314,35.960
24.01.17 05:16:01.449,35.960
24.01.17 05:16:31.381,35.980
24.01.17 05:17:01.499,35.980
24.01.17 05:17:31.530,35.980
24.01.17 05:18:01.654,35.990
24.01.17 05:18:31.999,36.000
24.01.17 05:19:02.024,36.010
24.01.17 05:19:32.052,35.860
24.01.17 05:20:01.986,35.850
24.01.17 05:20:32.310,35.840
24.01.17 05:21:02.148,35.840
24.01.17 05:21:32.281,35.860
24.01.17 05:22:02.413,35.870
24.01.17 05:22:32.431,35.880
24.01.17 05:23:02.570,35.900
24.01.17 05:23:32.587,35.920
24.01.17 05:24:02.625,35.930
24.01.17 05:24:32.744,35.950
24.01.17 05:25:02.772,35.960
24.01.17 05:25:33.010,35.960
24.01.17 05:26:02.934,35.980
24.01.17 05:26:33.065,35.990
24.01.17 05:27:03.529,35.990
24.01.17 05:27:33.173,36.010
24.01.17 05:28:03.407,36.010
24.01.17 05:28:33.538,36.020
24.01.17 05:29:03.454,36.030
24.01.17 05:29:33.689,36.030
24.01.17 05:30:03.615,36.050
24.01.17 05:30:33.943,36.060
24.01.17 05:31:03.774,36.060
24.01.17 05:31:33.818,36.080
24.01.17 05:32:04.146,36.080
24.01.17 05:32:34.288,36.080
24.01.17 05:33:04.110,36.080
24.01.17 05:33:34.137,36.070
24.01.17 05:34:04.276,35.940
24.01.17 05:34:34.400,35.840
24.01.17 05:35:04.546,35.750
24.01.17 05:35:34.853,35.680
24.01.17 05:36:04.611,35.610
24.01.17 05:36:34.836,35.570
24.01.17 05:37:04.755,35.540
24.01.17 05:37:34.887,35.490
24.01.17 05:38:04.920,35.470
24.01.17 05:38:35.037,35.430
24.01.17 05:39:05.071,35.410
24.01.17 05:39:35.207,35.400
24.01.17 05:40:05.235,35.380
24.01.17 05:40:35.371,35.360
24.01.17 05:41:05.446,35.350
24.01.17 05:41:35.523,35.340
24.01.17 05:42:05.559,35.330
24.01.17 05:42:35.884,35.310
24.01.17 05:43:05.815,35.310
24.01.17 05:43:35.836,35.310
24.01.17 05:44:06.251,35.290
24.01.17 05:44:36.478,35.270
24.01.17 05:45:06.237,35.270
24.01.17 05:45:36.161,35.260
24.01.17 05:46:06.248,35.260
24.01.17 05:46:36.282,35.240
24.01.17 05:47:06.815,35.250
24.01.17 05:47:36.444,35.240
24.01.17 05:48:06.572,35.250
24.01.17 05:48:36.613,35.250
24.01.17 05:49:07.044,35.250
24.01.17 05:49:36.760,35.240
24.01.17 05:50:06.901,35.220
24.01.17 05:50:36.927,35.240
24.01.17 05:51:07.055,35.240
24.01.17 05:51:37.182,35.220
24.01.17 05:52:07.422,35.240
24.01.17 05:52:37.350,35.240
24.01.17 05:53:07.382,35.240
24.01.17 05:53:37.524,35.250
24.01.17 05:54:07.739,35.240
24.01.17 05:54:37.663,35.240
24.01.17 05:55:07.911,35.240
24.01.17 05:55:38.035,35.250
24.01.17 05:56:08.235,35.250
24.01.17 05:56:37.988,35.260
24.01.17 05:57:08.402,35.260
24.01.17 05:57:38.152,35.260
24.01.17 05:58:08.176,35.260
24.01.17 05:58:38.306,35.260
24.01.17 05:59:08.440,35.260
24.01.17 05:59:38.558,35.260
24.01.17 06:00:08.869,35.250
24.01.17 06:00:38.978,35.240
24.01.17 06:01:08.717,35.240
24.01.17 06:01:38.754,35.250
24.01.17 06:02:08.891,35.250
24.01.17 06:02:39.204,35.250
24.01.17 06:03:09.069,35.250
24.01.17 06:03:39.085,35.250
24.01.17 06:04:09.507,35.250
24.01.17 06:04:39.439,35.240
24.01.17 06:05:09.756,35.230
24.01.17 06:05:39.596,35.240
24.01.17 06:06:09.619,35.240
24.01.17 06:06:39.553,35.250
24.01.17 06:07:09.691,35.240
24.01.17 06:07:39.902,35.230
24.01.17 06:08:09.936,35.250
24.01.17 06:08:39.965,35.250
24.01.17 06:09:10.007,35.250
24.01.17 06:09:40.147,35.250
24.01.17 06:10:10.285,35.250
24.01.17 06:10:40.381,35.260
24.01.17 06:11:10.640,35.240
24.01.17 06:11:40.735,35.250
24.01.17 06:12:10.490,35.260
24.01.17 06:12:40.920,35.260
24.01.17 06:13:10.652,35.250
24.01.17 06:13:40.976,35.120
24.01.17 06:14:11.113,35.070
24.01.17 06:14:41.419,35.080
24.01.17 06:15:10.971,35.110
24.01.17 06:15:41.087,35.140
24.01.17 06:16:11.429,35.190
24.01.17 06:16:41.550,35.270
24.01.17 06:17:11.682,35.310
24.01.17 06:17:41.418,35.380
24.01.17 06:18:11.531,35.430
24.01.17 06:18:41.666,35.480
24.01.17 06:19:11.691,35.540
24.01.17 06:19:41.738,35.580
24.01.17 06:20:12.074,35.640
24.01.17 06:20:41.899,35.680
24.01.17 06:21:12.013,35.680
24.01.17 06:21:42.332,35.610
24.01.17 06:22:12.181,35.590
24.01.17 06:22:42.404,35.580
24.01.17 06:23:12.334,35.590
24.01.17 06:23:42.378,35.540
24.01.17 06:24:12.590,35.520
24.01.17 06:24:42.919,35.540
24.01.17 06:25:12.660,35.590
24.01.17 06:25:43.004,35.610
24.01.17 06:26:12.818,35.650
24.01.17 06:26:42.932,35.680
24.01.17 06:27:12.988,35.720
24.01.17 06:27:43.126,35.770
24.01.17 06:28:13.523,35.790
24.01.17 06:28:43.467,35.820
24.01.17 06:29:13.699,35.810
24.01.17 06:29:43.424,35.650
24.01.17 06:30:13.462,35.550
24.01.17 06:30:43.983,35.470
24.01.17 06:31:13.618,35.420
24.01.17 06:31:43.748,35.380
24.01.17 06:32:13.777,35.360
24.01.17 06:32:43.905,35.350
24.01.17 06:33:14.031,35.350
24.01.17 06:33:44.070,35.310
24.01.17 06:34:14.183,35.310
24.01.17 06:34:44.571,35.270
24.01.17 06:35:14.683,35.100
24.01.17 06:35:44.340,35.050
24.01.17 06:36:14.468,35.030
24.01.17 06:36:44.500,35.020
24.01.17 06:37:14.625,35.040
24.01.17 06:37:44.650,35.080
24.01.17 06:38:14.782,35.120
24.01.17 06:38:45.127,35.180
24.01.17 06:39:14.947,35.220
24.01.17 06:39:45.261,35.270
24.01.17 06:40:15.105,35.310
24.01.17 06:40:45.429,35.340
24.01.17 06:41:15.258,35.380
24.01.17 06:41:45.394,35.420
24.01.17 06:42:15.812,35.450
24.01.17 06:42:45.752,35.480
24.01.17 06:43:15.862,35.510
24.01.17 06:43:45.711,35.520
24.01.17 06:44:15.741,35.560
24.01.17 06:44:45.870,35.570
24.01.17 06:45:16.016,35.600
24.01.17 06:45:46.008,35.610
24.01.17 06:46:16.040,35.640
24.01.17 06:46:46.164,35.650
24.01.17 06:47:16.210,35.680
24.01.17 06:47:46.438,35.700
24.01.17 06:48:16.548,35.700
24.01.17 06:48:46.594,35.710
24.01.17 06:49:16.509,35.720
24.01.17 06:49:46.646,35.750
24.01.17 06:50:17.063,35.750
24.01.17 06:50:46.801,35.780
24.01.17 06:51:17.243,35.770
24.01.17 06:51:47.171,35.790
24.01.17 06:52:17.395,35.800
24.01.17 06:52:47.144,35.610
24.01.17 06:53:17.252,35.410
24.01.17 06:53:47.309,35.240
24.01.17 06:54:17.407,35.080
24.01.17 06:54:47.453,34.950
24.01.17 06:55:17.569,34.830
24.01.17 06:55:47.722,34.730
24.01.17 06:56:17.731,34.640
24.01.17 06:56:47.769,34.580
24.01.17 06:57:18.028,34.510
24.01.17 06:57:48.240,34.460
24.01.17 06:58:18.167,34.400
24.01.17 06:58:48.172,34.390
24.01.17 06:59:18.510,34.390
24.01.17 06:59:48.633,34.460
24.01.17 07:00:18.373,34.570
24.01.17 07:00:48.809,34.700
24.01.17 07:01:18.924,34.820
24.01.17 07:01:48.671,34.940
24.01.17 07:02:18.889,35.040
24.01.17 07:02:48.826,35.140
24.01.17 07:03:18.857,35.220
24.01.17 07:03:48.987,35.310
24.01.17 07:04:19.316,35.380
24.01.17 07:04:49.154,35.440
24.01.17 07:05:19.177,35.500
24.01.17 07:05:49.700,35.560
24.01.17 07:06:19.336,35.610
24.01.17 07:06:49.647,35.650
24.01.17 07:07:19.567,35.690
24.01.17 07:07:49.695,35.730
24.01.17 07:08:19.824,35.770
24.01.17 07:08:49.744,35.800
24.01.17 07:09:19.875,35.820
24.01.17 07:09:49.901,35.850
24.01.17 07:10:20.335,35.870
24.01.17 07:10:50.078,35.890
24.01.17 07:11:20.395,35.920
24.01.17 07:11:50.524,35.930
24.01.17 07:12:20.353,35.940
24.01.17 07:12:50.396,35.980
24.01.17 07:13:20.631,35.980
24.01.17 07:13:50.555,36.000
24.01.17 07:14:20.683,36.010
24.01.17 07:14:50.711,36.020
24.01.17 07:15:20.941,36.010
24.01.17 07:15:50.967,35.940
24.01.17 07:16:21.001,35.910
24.01.17 07:16:51.122,35.920
24.01.17 07:17:21.544,35.920
24.01.17 07:17:51.292,35.950
24.01.17 07:18:21.325,35.980
24.01.17 07:18:51.452,36.000
24.01.17 07:19:21.472,36.020
24.01.17 07:19:51.995,36.060
24.01.17 07:20:22.204,36.070
24.01.17 07:20:51.757,36.090
24.01.17 07:21:22.002,36.120
24.01.17 07:21:52.237,36.130
24.01.17 07:22:22.170,36.080
24.01.17 07:22:52.079,36.050
24.01.17 07:23:22.123,36.020
24.01.17 07:23:52.259,36.010
24.01.17 07:24:22.288,36.010
24.01.17 07:24:52.400,36.010
24.01.17 07:25:22.530,36.010
24.01.17 07:25:52.564,35.980
24.01.17 07:26:22.906,35.920
24.01.17 07:26:53.009,35.870
24.01.17 07:27:22.860,35.780
24.01.17 07:27:52.894,35.610
24.01.17 07:28:23.010,35.500
24.01.17 07:28:53.052,35.420
24.01.17 07:29:23.378,35.380
24.01.17 07:29:53.225,35.330
24.01.17 07:30:23.785,35.310
24.01.17 07:30:53.373,35.290
24.01.17 07:31:23.483,35.270
24.01.17 07:31:53.532,35.260
24.01.17 07:32:23.649,35.260
24.01.17 07:32:53.682,34.980
24.01.17 07:33:23.805,34.730
24.01.17 07:33:54.241,34.600
24.01.17 07:34:23.967,34.540
24.01.17 07:34:54.410,34.490
24.01.17 07:35:24.130,34.510
24.01.17 07:35:54.380,34.510
24.01.17 07:36:24.282,34.550
24.01.17 07:36:54.805,34.580
24.01.17 07:37:24.449,34.630
24.01.17 07:37:54.902,34.670
24.01.17 07:38:24.822,34.690
24.01.17 07:38:54.749,34.660
24.01.17 07:39:24.875,34.490
24.01.17 07:39:55.299,34.400
24.01.17 07:40:25.154,34.370
24.01.17 07:40:55.010,34.370